Museo Nacional de Costa Rica (MNCR)	036cdc50-e7f5-11d9-9a0e-b8a03c50a862	
DAV	f0b6a090-a4c6-11d8-9534-b8a03c50a862	
IBUNAM	b459e790-0d3c-11d9-8431-b8a03c50a862	
AAU	8e1a97a0-3ca8-11d9-8439-b8a03c50a862	
INPA	4f160e00-329d-11d9-8439-b8a03c50a862	
OSC	ac5e8480-3714-11da-bc2e-b8a03c50a862	
NHMUK	19456090-b49a-11d8-abeb-b8a03c50a862	
Conservatoire botanique national du Bassin parisien	6bcc0290-6e76-11db-bcd5-b8a03c50a862	
STOWA	68a216ee-f721-40cd-932c-84153afd9451	
MA	0363cbd4-f666-455e-8e86-0bbddcf51950	
CHR	6b2f029b-7823-4b84-9c30-31ff364238fe	
UFES	503e9b26-09b5-4c40-b42a-bb476319a8ad	
BG	3f3967bf-ecc7-4455-ba89-4e0ab6d6fd3c	
MFU	f314b0b0-e3dc-11d9-8d81-b8a03c50a862	
UEFS	60545be9-4f28-4245-b4b4-07635c8dfa54	
CVC	06867940-0867-4b4a-abb2-a57a16fcf2dc	
CAS	66522820-055c-11d8-b84e-b8a03c50a862	
US	bc092ff0-02e4-11dc-991f-b8a03c50a862	
Universidade Federal da Bahia (UFBA)	afdd8e93-b4e3-491c-88f0-8a22834ac1a9	
LD	883ee5d0-9177-423d-a636-0284e8a4de46	
USF	253fc67c-c7fb-4c85-88f5-43ac6d9dc8a9	
	adc174cd-c752-4eee-9630-7c1209eb1c4a	
Anymals.org	10980920-6dad-11da-ad13-b8a03c50a862	
WU	58520c30-bafb-11d9-8e53-b8a03c50a862	
EMAU	7ac19c7e-3e49-4672-ac94-76126d676f40	
ArtDatabanken	b8323864-602a-4a7d-9127-bb903054e97d	
Worcestershire Flora Project	aa569acf-991d-4467-b327-8442f30ddbd2	
Cambridgeshire & Peterborough Environmental Records Centre	a9076bb1-5a8b-43ee-a6a8-242fa68f6a5c	
Environment Agency (Biodiversity staff)	392ef839-10ae-4f22-a1ee-a45e535162b4	
Essex Wildlife Trust Biological Records Centre	22273ba7-7f45-4279-8ced-2114cd2bdb47	
Fife Nature Records Centre	395baaa6-8a14-4ab5-97bb-e97f22e209fb	
Cofnod - North Wales Environmental Information Service	47eaaa43-47c7-4754-8e7a-bfaf616da4df	
NY	ae447c50-b8a8-11d8-92a4-b8a03c50a862	
UFMT	a84dccda-c5b2-4319-abbf-3c24601e89a2	
UNESPSJRP	92bd7d31-3255-4f1c-8552-cbb6fbe60478	
LWI	b41e07a6-63ec-4903-afa1-6bee41498326	
Naturalis	396d5f30-dea9-11db-8ab4-b8a03c50a862	
KU	b554c320-0560-11d8-b851-b8a03c50a862	
Laboratoire des Sciences Foresti?res (LSF)	b2db85d5-c5fe-4125-9e36-590a5f651829	
	1649bf8c-d7e0-482a-9f1a-8292cd418c62	
IAvH	2a7e3080-28a9-11dd-97cd-b8a03c50a862	
MBML	667644b9-7b93-4892-80c7-c4271735c515	
BGBM	57254bd0-8256-11d8-b7ed-b8a03c50a862	
MNHN	2cd829bb-b713-433d-99cf-64bef11e5b3e	
BRIT	c4cbb860-e9c7-11da-8113-b8a03c50a862	
FTG	bd561840-efdc-11d9-a329-b8a03c50a862	
University of Alberta Museums	03cb9700-6cee-11d8-922d-b8a03c50a862	
BFL	0674aea0-a7e1-11d8-9534-b8a03c50a862	
Jardim Bot?nico de Bras?lia (JBB)	22524448-c309-474f-8f07-d576a021868c	
GZU	43587ad0-bafb-11d9-8e53-b8a03c50a862	
	b872b075-9ab5-4e27-b6c6-5add6b890379	
Pontif?cia Universidade Cat?lica do Rio de Janeiro (PUC-RIO)	d1e2f6a3-4016-46ba-b031-36f843790457	
WCS Colombia	ab13adb9-ce23-444d-87c9-ce41f03ef2b3	
iNaturalist	28eb1a3f-1c15-4a95-931a-4af90ecb574d	
	a4ee8241-94f8-40b8-8c47-31aaf9430c90	
Bristol Regional Environmental Records Centre	950cbfcc-1cb7-46c1-92ce-05ec232512d1	
National Trust	2f855af0-a1cc-4478-b370-ddbd1e40f6eb	
LSU	38a69420-bd2a-11dd-b15e-b8a03c50a862	
FR	c76cf030-2a95-11da-9cc1-b8a03c50a862	
USP	76dbcb10-efc5-4d5f-87a5-bcd409fc92c8	
UFRPE	06542f02-868b-4651-aed4-1ae6b2eb4eb7	
Universidade Federal de Santa Catarina (UFSC)	d254f613-d4dd-4553-9fe3-b9485ca28371	
UESC	1c72778c-05de-4f31-b83a-ff541ce5dff7	
UFG	b3422768-adc1-4be2-9f59-c1d7af724428	
UFMA	eae63642-6f0d-45b9-a079-6ecd34406631	
IF	52603cfd-d564-4e89-a466-5e71813677be	
Museu de Ci?ncias Naturais - Funda??o Zoobot?nica do Rio Grande do Sul (MCN-FZBRS)	f9357933-83d3-4548-803c-4cae52ebff40	
Universidade Regional de Blumenau	
Universidade Federal de Minas Gerais (UFMG)	4265f332-341c-45f6-b30b-5dc2e39b86e8	
Instituto de Bot?nica	
UFPI	3b3975ee-23fb-4943-a00e-4d6e6115b194	
Universidade Tecnol?gica Federal do Paran? (UTFPR)	042a7696-696b-492b-ad3e-4076807eaeed	
UEM	6cfcf69e-9ec1-48e1-be34-5201bdb63bd7	
Empresa Brasileira de Pesquisa Agropecu?ria (EMBRAPA)	903d4412-04a3-47c7-8584-7911a3d7e2d1	
Funda??o Universidade Federal de Mato Grosso do Sul (UFMS)	658207e3-b01f-4007-b14d-64b13022cd5a	
YPM	2e167bb0-4441-11db-9ba2-b8a03c50a862	
SOS Biodiversity	5ca9a113-2397-4540-84b4-41114a1404ef	
UAM	d9699a79-4736-45c2-925c-f4033ac67d52	
UTEP	52c8f620-1816-11da-9544-b8a03c50a862	
UNICAMP	d073b448-6b80-4364-8c38-18d08b88797f	
http://www.tela-botanica.org	b2dbd210-90c2-11df-86a3-b8a03c50a862	
E	98e934b0-5f31-11de-b67e-b8a03c50a862	
ITAl001|PAK0002	a3c228d0-3110-11db-abb8-b8a03c50a862	
	04fd2e13-6881-4e5c-9dd1-8fdd9ab993c1	
LI	2d6e0e40-2aee-11d8-aa2d-b8a03c50a862	
BIO	0e0fc0f0-828e-11d8-b7ed-b8a03c50a862	
	ada9d123-ddb4-467d-8891-806ea8d94230	
COFC	5a21e58d-5a4c-4ee4-b2e0-b67f5ce28720	
	247e7360-5f30-11df-9ae1-b8a03c50a862	
RABAT	899dccde-1e1b-4da0-953d-3be7d31f2da7	
CJBN	131217d6-04ff-4682-9bc2-e418f961fc0d	
WUR-Alterra	2498d55c-dcd2-4caf-abb7-14f2ffe05c37	
SANT	def87a70-0837-11d9-acb2-b8a03c50a862	
USU	4c0e9f60-c489-11d8-bf60-b8a03c50a862	
CMN	a41250f0-7c3e-11d8-a19c-b8a03c50a862	
NSW Office of Environment and Heritage	5eee35c2-c5b7-4f62-a527-09eec0c54f22	
INBO	1cd669d0-80ea-11de-a9d0-f1765f95f18b	
ONG Rev-D?veloppement	4903a06b-38a2-4abc-a56a-3876c5eec91a	
UFRB	6cc5aff1-f24c-4d67-a827-a666dc680b66	
UFPE	b7ea834f-8d60-40ea-ab2c-5057000f0afd	
UFPB	f4cf14c8-58db-4947-a93c-e43f2b7fe171	
Universidade Estadual de Londrina	
UFPR	f6e2efc9-42a3-47ea-99c6-3eda8d653cc9	
UEG-UNUCET	34565ff7-e07a-49bf-8763-b2b82e87a345	
FAST/UAC	65fffa9e-53b3-40cd-9dbb-727c1cb2a431	
	0870a77b-587c-4369-a8ed-bc3d347b8e1c	
PLOBJ	c3367060-856b-11d9-8486-b8a03c50a862	
MNHNL	75642970-f855-11dd-8235-b8a03c50a862	
REDIAM-CMA	799acb53-2764-4e89-9792-5fdb6f7d7d29	
JBAG	797b2594-278e-421d-88c1-0925d122d611	
UPS	4c415e40-1e21-11de-9e40-a0d6ecebb8bf	
UoB-IB	83af6510-a704-11dc-80be-b8a03c50a862	
UMK	6ea466a0-925e-11da-8900-b8a03c50a862	
UJAG-IZ	97a3ce10-3e54-11d9-8439-b8a03c50a862	
MNHW	218534d0-925e-11da-8900-b8a03c50a862	
POL030	24c3dc90-822b-11d8-b7ed-b8a03c50a862	
SANBI	c5f7ef70-e233-11d9-a4d6-b8a03c50a862	
CPR	2627e955-93f5-4206-bac5-a1e3bd91ee37	
IAC	c47cd3b0-2178-4a4b-87a6-740b482970a9	
Universidade Federal dos Vales do Jequitinhonha e Mucuri (UFVJM)	60f97f47-cd0d-4ff5-b0c0-c98495bf430a	
UNIVASF	6bfada01-036d-455a-b332-081dbe226a05	
UNIVILLE	efe6e324-c6aa-4ed0-9693-80e7ba5bab12	
UESB	3a2b60a6-5c60-413a-8bff-a9740e774c09	
Universidade do Estado de Mato Grosso (UNEMAT)	e7132376-4a7e-458a-be08-946850a2beac	
UNITINS	605d693a-f335-44fb-b6cf-3ac49842358e	
IPA	202d5f34-ff58-4ad7-964f-c947ce18078e	
UFRGS	04481953-6112-489f-bb8d-9703d787e3ea	
UNAL	eac88d99-9f6c-4031-8fc4-8088f0e0dfe7	
Uniamazonia	256035fe-75ff-4a7c-94bc-86af590c9050	
K	061b4f20-f241-11da-a328-b8a03c50a862	
AD	1deb09e1-ded6-469a-a46e-f6329cb03b6a	
University of Guelph	
Natural Resources Wales	ee45975b-3d89-42b5-ac7a-c03f47b6dcb4	
North Ayrshire Countryside Ranger Service	6020041c-686c-46dc-9fbe-ccdcad7d7ce7	
Nature Locator	91795085-5ea1-4be1-a55d-eb721374d140	
DBG	8908d1f7-17d0-442a-a1bb-86da0bc27709	
DBG	36488347-eceb-40ed-b687-406f3601d8cb	
NINA	46fec380-8e1d-11dd-8679-b8a03c50a862	
Universidade Federal de Juiz de Fora (UFJF)	303e2432-448c-41ec-be2b-020a25c7adc4	
NBDC	d2b97690-bfd6-11de-b279-d52977ace833	
UCR	fb702600-a84e-11de-978d-b8a03c50a862	
NMNL	16fd28c4-e4be-40e5-a551-139e573cfe68	
MUB	eba6daa8-0281-479e-aa2d-d78a2614db93	
NBGB	a344ee9f-f1b7-4761-be2c-58ee6d741395	
KPM	4fd82480-ea1c-11da-8db4-b8a03c50a862	
BR	37e82b90-1e21-11de-ab90-f72009d2669b	
MGC	7fadb370-f921-11dd-af50-b8a03c50a862	
IE	ff90b050-c256-11db-b71b-b8a03c50a862	
Harvard University	485ff490-e3b7-11db-9acc-b8a03c50a862	
	fcb15579-e732-4e2d-aa74-796787ef8c27	
NLD037	efc2ae40-9880-11da-89b4-b8a03c50a862	
Natuurpunt	4d3ceea8-5699-439d-a899-decac9cbbdac	
TRH	a8144f37-5ff7-4137-9400-94b5b2ea4ec4	
South East Wales Biodiversity Records Centre	48f02f0c-5287-4b0a-bdf1-cee8f9665285	
Record	
Universit? Laval	b52e9a80-8cb7-4d37-9324-46032fd69237	
Universit? de Montr?al Biodiversity Centre	ff7bd5db-b724-4932-b496-10ea298851f9	
University of Toronto Mississauga	95aba44b-121f-41fe-9f16-4515b826ce54	
Lancashire Environment Record Network	0ccc789d-ca07-4bb9-a1e7-a1d1b8491287	
NMNS	7050ce20-c75e-11dd-87ef-b8a03c50a862	
TAIF	898ba450-1627-11df-bd84-b8a03c50a862	
BCN	cb202839-87c6-456a-821c-dc5b268a200f	
EMMA	46fca4d7-47a9-465f-97c8-161e209e624e	
ULB	576f00f2-c26c-41f7-991e-a37e07cbd3ec	
GEO	ef69a030-3940-11dd-b168-b8a03c50a862	
FBS-UWR	3890bfb0-b461-11dc-bc42-b8a03c50a862	
IFR-DNF	63c6de50-9274-11da-8901-b8a03c50a862	
KOR	f7259790-9300-11da-8596-b8a03c50a862	
KTU	4668d6a0-130d-11db-a7d3-b8a03c50a862	
JYV	ff3a2000-b2ac-11db-b710-b8a03c50a862	
BPBM	90cc71b0-055b-11d8-b84e-b8a03c50a862	
UA	79324e30-d4c7-11d8-bf69-b8a03c50a862	
NORDGEN	b9c5f740-34d9-11de-baf5-e00d96b185ef	
ZRC-SAZU	a5586d20-0f7c-11dd-9d45-b8a03c50a862	
	4c46f883-69c1-42ac-8a20-4cdba2afb9a6	
	751cb816-53a6-46e6-9e37-6ac2c43f10fd	
University of Manitoba	38105fdf-4886-4c2e-9c7c-2bcb091411a5	
TROM	689b40c4-ff31-4cd0-83a5-a7a828f1cd92	
	8256e897-3a17-4a2d-8bf8-54cf22b624bd	
PAMP	6c4a0bb0-2a4d-11d8-aa2d-b8a03c50a862	
Asplan Viak AS	612c9b58-e739-4af4-a038-4b3901fa5649	
UEPA	dbf378dd-b030-4049-bc9c-b5b8643e67cd	
IAP	94a9c3b2-d54d-4938-811b-e91e091eeb28	
FUVATES	24bd9401-0ae1-46f1-960f-303fc8af2600	
UCS	7cf67ac2-f2f2-42bd-92e4-c2eac0b21039	
F	7b8aff00-a9f8-11d8-944b-b8a03c50a862	
CERF_2016	616e379f-90ed-4c21-9793-8e20f982e9d1	
BDBCV	ebda1cab-dda8-418b-8f25-df1e71ff5bc2	
SPBot?nica	d1805d75-066e-42d6-8cab-1c0d30323db3	
Fundaci?n Estaci?n Biol?gica Guayacanal	00a915e7-b4e2-4795-bcbf-45e4dda0e927	
Universidad Tecnol?gica del Choc?	073e52d4-44bd-41d7-bdfa-88c2735c694b	
UWBM	06fcbbf0-0562-11d8-b851-b8a03c50a862	
UConn	1ef55060-54da-11dd-9d47-b8a03c50a862	
NBF	d3978a37-635a-4ae3-bb85-7b4d41bc0b88	
	3c5e4331-7f2f-4a8d-aa56-81ece7014fc8	
	7c4f3b54-fc4b-42f3-a664-3ca93d12e10f	
Basoinsa-Geograma	4701cb61-2296-4d74-bc87-525303218515	
ARAN	823818f6-0696-4e29-bc4c-b6f3817535a7	
SPW-DNE	a6f344b0-1944-4354-8376-272495c9135e	
UQUIND?O	bc709e2f-6eb4-4cbe-a295-e12eed0679f2	
SNSNMC	dca4d666-c9e0-4712-b658-0d1bc3f39d48	
MNHM	33aecde5-7e13-4272-9cb7-f4f3b0eb820c	
IMA	81114709-2a6c-4e0b-908b-cb207a8708c2	
Universidade Estadual Paulista	
UEMA	1d7b2ad8-96e2-48e6-b6b1-b589b1025261	
UNISANTA	d07d294b-8ae1-48ab-94e2-f7caae47707d	
LISC	fee3882f-5360-4f01-a1ca-767c48fa629c	
Aeroe municipality	8e1a7b73-e746-4d20-a0ba-e647ce0f9784	
MBM	ab5c0b99-5af3-4958-b03c-0b7e85481cc1	
Universidade Federal de Sergipe	
UTFPR	cc8ec135-6ade-4a8e-8b31-475dc1d3c433	
UNESC	2ccb1a0b-1194-4acf-9921-b5daad99cbb8	
Derbyshire Wildlife Trust	d0dae68a-84f9-4acd-9aed-3e1ebc6e9ac5	
Scottish Natural Heritage	98ba8467-5081-4d15-b168-32d893e18b76	
Scottish Wildlife Trust	d98506d8-5ab1-4a26-9ef1-766bdb54304f	
Seasearch/Marine Conservation Society	5d662340-07fa-41b7-a3fc-e2e63ca50800	
Staffordshire Ecological Record	3b915c8a-ffa8-4e80-b270-f13beacd66ec	
Shire Group of Internal Drainage Boards	e5986bea-684d-47fe-a0be-098a7dbf826e	
Suffolk Biodiversity Information Service	f0edcf5c-2a34-4a6b-b9bb-44d52ed50f7a	
UFSJ	3f41d988-faf2-4a9f-811e-8dac728c05d4	
PNFM	a22bfc81-4a56-411f-9a83-860e28e22374	
Comiss?o Executiva do Plano da Lavoura Cacaueira (CEPLAC)	c6aacf9d-a5a7-4d7f-a6fc-ea0a4b8ec450	
Universidade Federal do Par? (UFPA)	b28ab834-c560-487d-a58d-87d53da98f1a	
PUCRS	e6c2fab8-8716-48b8-ae62-dacbc73b35b5	
Universidade Estadual Paulista	
UFU	9610290b-e0ea-439b-b726-ba11bcecfb86	
UFV	fe647d6c-1c4b-441b-b93b-d310d074b227	
CDMB	7a079928-aee9-418a-b083-6152d01c78d6	
Instituto Amaz?nico de Investigaciones Cient?ficas SINCHI	9d77fdeb-100f-4b29-98ad-4effdd824457	
UPNA	fbcad409-9d05-41d7-a869-1ddcab51e091	
HUAL	c1564d80-1b9d-471c-b84d-8d5dd2efbf0a	
MO	90fd6680-349f-11d8-aa2d-b8a03c50a862	
Empresa Brasileira de Pesquisa Agropecu?ria (EMBRAPA)	aa3e4a95-dc4c-45fa-9c0a-cecad3a1511f	
FZB-BH	9ac2b49d-da08-49a7-a7ae-c2a0460fcf96	
Hertfordshire Natural History Society Flora Group	5debe5a5-5af6-4790-8fee-1a0eeabc5b62	
Gloucestershire Centre for Environmental Records	8a47a08f-9789-4aad-862e-1c9ac401da10	
Biodiversity Information Service for Powys and Brecon Beacons National Park	834a1d9d-b66f-4694-9475-e9cb656294a1	
McGill University	182287da-fe0f-457f-ac06-2b8f4c7680fd	
	96fbb73b-f951-4659-8f8b-fa60624a9c28	
Artenfinder Rheinland-Pfalz	84a50274-bfbe-49aa-af23-29c3703126f9	
KSTC	9bcba4e4-a10d-4484-9c5e-36a059a0c9cd	
Natural England	598eb93d-a844-4289-8adb-0f8583dac91e	
EDBEV	31de4639-5dca-4663-aa4c-e4f45c1adc30	
Universidad de Antioquia	cccff716-2694-4209-9f9e-2f7a484465a0	
Naturstyrelsen	977178c7-76fe-4c86-94f3-cf039ede5c3c	
LEB	730cd32c-627f-44a8-9d93-fcfb23ade969	
UCMC	4cadac10-3e7b-11d9-8439-b8a03c50a862	
C	ba482b53-07ed-4ca4-8981-5396d1a8a6fc	
COA	857b3f90-230f-474d-9559-6f740efadbba	
inatura                                                                                                                                                                                                                                                   	fccc6740-bbb1-11d9-839f-b8a03c50a862	
IICT	9fdb5a90-a5a6-11dd-8d5f-b8a03c50a862	
VAL	8209258a-80e8-4094-aba2-a3febe5ed45b	
MAF	a7ae8a07-cb3f-42e6-8f4e-22868f8cdb27	
HGI	32498aba-d8d4-4202-ae39-d795577cdc4a	
ABH	9c56586d-d2c7-4eac-9cc9-436e6b8b1a54	
SEV	520e3c81-7de2-4ef3-9b36-11f3bdad76a9	
JBS	e287af9f-768b-410d-a232-84522b1968b0	
SZU	b0a2cd60-4059-11de-9f59-b8a03c50a862	
Acadia University	6491ad8c-8e49-4bd4-a089-0ddb3bbe0890	
LEGON-GC	4bc4943a-c94f-4bd4-9aa3-2a9cae94398a	
Universit? de Strasbourg	a6de8f30-d931-11db-973c-b8a03c50a862	
	58550985-8014-4ec8-a3a3-b3faa0185bf8	
Ecofact	fac91b96-c087-460f-ab01-b808f341c2f5	
CDMB	278c2395-6edb-41f4-8f0a-0abd13656901	
OLA	0e5e2ebb-cc35-4e96-ac4c-298654ff97d6	
Biodiversit?tsdatenbank des Landes Salzburg	7a070ba0-bafb-11d9-8e53-b8a03c50a862	
naturgucker	bb646dff-a905-4403-a49b-6d378c2cf0d9	
Centre d'Etude et de Recherche en Environnement (CERE)	767d68ae-ec08-4d5d-89f1-3bc205902c28	
Institut de Recherche Agronomique de Guin?e (IRAG)	78b332bb-022d-4d9f-b167-934d3b37e5b6	
INIA-CIFOR	7169ac28-a981-4302-8829-8dee64c54998	
ISA	cdcc4ce1-7f6e-4ed2-b47c-eb451925b038	
MPM	845f3630-812c-11de-86fe-b8a03c50a862	
University of Calgary	0b141ebd-0723-41d6-be05-6302e403b473	
DBF-NHMD	98255206-f0fe-4183-9845-77143274938c	
BIGA	d251a33c-5e57-4e2e-b1d0-6beb0adf369d	
ARM	7338b4d9-d75b-4edb-b238-b09f52397f49	
AAS	94458240-4e38-11db-985b-b8a03c50a862	
Shropshire Ecological Data Network	c5eac644-b0c4-48e2-87d0-dc9c33cbb8a4	
Universidade Regional do Cariri (URCA)	5b30feaf-824b-4cb9-b256-293a106f45bc	
UNICAP	9ceb2103-24bb-44db-9211-13712279a055	
Instituto Federal de Educa??o	
INBio	5c7a5c20-1bd0-11d8-a2da-b8a03c50a862	
Rotherham Biological Records Centre	1467829d-0779-43eb-9fab-0e27e48b6457	
Conservation International	335880a0-e2e1-11dd-8102-b8a03c50a862	
	9e1ad169-1f58-48fb-ad7a-3b2b4544d875	
	750a8724-fa66-4c27-b645-bd58ac5ee010	
	55a0bb9b-d2b9-4eff-84d9-4d2001446c41	
JBA	7a646477-bd22-4832-902c-19d9671f3ab1	
Greater Manchester Ecology Unit	db91efbd-8f97-42ec-8118-270dfab1d41b	
TanBIF	76905ca0-1e21-11de-9ca0-cd203b273f5d	
Reserva Natural Vale (CVRD)	c38fb00b-8564-406c-b05b-2720815a0bd0	
TEF	c0e25223-5b55-4e02-8556-178781709720	
TAN	7bec6457-78d6-416f-a185-00ae45e1d9a0	
Museum of Geology	
URJC	88dc5c67-b496-4dec-a361-3deee558a552	
WCS Colombia	0c23482f-89f3-4efa-b6ed-7b25dadde4fc	
NAW	1102ee7c-bf91-4a5a-9313-eff7e7681e0d	
"ABC ""Asociaci?n de Becarios de Casanare"""	c803f6f5-2c6a-4b41-8c15-768d48ef1c8c	
NBCNL	2d08e940-df21-45b4-9d17-1eff118907ff	
	bb108780-00da-49a7-ba12-40a25192a626	
John Muir Trust	9a61a2c0-1b36-4a9f-9546-353fc4f7a3ca	
Lochaber Fisheries Trust	c923983f-d46e-487c-9ca7-88ee47d98c8b	
Leicestershire and Rutland Environmental Records Centre	76169bfa-0f39-479e-a3ec-4dfc47cb68f7	
NHMM	01d38e13-944c-4f4b-96a2-25ecf1751140	
Lorn Natural History Group	241606e5-090d-4d96-853b-73ac0790e5ea	
Marine Biological Association	f6b48504-1651-4a49-a88d-c2bc6178694d	
Manx Biological Recording Partnership	7774fda0-457b-40da-8936-214f632ba991	
UCALDAS	f7f9717e-9e50-4a00-a30f-7b134390a566	
RJBJCI	e1f82403-54f7-47dd-afc1-e07a42eeb4e7	
Freshwater Habitats Trust	dce2ae55-627a-4e88-b738-5f71a812f60e	
KNWR	3988de20-0560-11d8-b851-b8a03c50a862	
Royal Ontario Museum (ROM)	ff418020-1d67-11d9-8435-b8a03c50a862	
BISON	c3ad790a-d426-4ac1-8e32-da61f81f0117	
JBCLM	21fdba08-5e3e-4b79-979c-aa65d824ea0d	
Instituto Nacional de Pesquisas da Amaz?nia (INPA)	c0d9c91a-0f83-4819-bf7e-bb5e1184eb6b	
PUJ	0e2f2e28-7790-4c82-b8fb-6ef7b4c764e2	
AIT	81bfa2a5-22a8-4bea-b91c-d54bda1365b9	
Instituto Plantarum de Estudos da Flora Ltda (HPL)	3046e6a6-6218-4880-9544-98f6c6ace34a	
UFERSA	00bf6c83-097b-4b63-8857-62c89ba17eb2	
Norfolk Biodiversity Information Service	05c84e36-2006-4e3d-ad77-ebd529aa09c4	
Estonian Naturalists' Society (ELUS)	6d2a7654-1ed0-4924-b22e-9bc221ab2124	
Central Scotland Green Network Trust	30b165d7-789d-4e0b-b857-f329e0990e82	
LCR	2760d7b0-767c-11d8-a198-b8a03c50a862	
UM	2853c0e7-c758-4c9c-83a2-7c2d18967fb9	
VIT	4c91866b-3c2e-4568-aca0-3ab0a1c1a45e	
Asociaci?n para el Estudio?y Conservaci?n de las Aves Acu?ticas en Colombia	a2f1c6f5-88de-4fc5-891a-336259f32f4e	
Thames Valley Environmental Records Centre	8087ed8c-f787-4924-bfe0-3aab82a07f28	
Universidad Industrial de Santander	6c147991-c3bf-453d-a778-3bea9a534804	
University of Lethbridge	e18ccd87-6e1d-4e4d-850d-b3138d007eb7	
FCO	95cb537c-74c5-4c1e-ae24-32e7ea08f380	
Aggregate Industries	295d0358-1d00-435a-b4b6-074009287d71	
Biological Records Centre	0c392aa0-a452-4254-be5c-e49dd60e9b02	
PE	a2fa5b68-3ebf-4845-abc5-f456d251386f	
FLAS	8483a1f0-1032-11db-ae00-b8a03c50a862	
UNICORDOBA	dec5e6c9-0156-4fa0-b01c-e642dbff48fc	
MN	4205110f-3f0f-40d8-bd0f-2fa71bc827b5	
UnB	e97090cb-7731-41c7-ac24-31a841730654	
UFOP	99e6e602-8dbd-46fe-aebb-ab1993168565	
FUNED	f02c4182-d31e-45d8-9270-7e06870b497a	
	541c2668-9391-4479-b90f-fe90b365f33b	
MPEG	4f1aa16c-ac1f-4e25-95fa-70bd71b7a0b4	
UT	5a45153b-bdf9-44ae-b7a7-e3261896540b	
ICESI	7d91f9bd-f6cd-48e3-ba81-3c228cf5e13a	
INCIVA	a7e6d0ba-9e3d-4be2-b3ac-2c5e812e0a31	
MSC	41d6acb0-48b5-11db-a1c2-b8a03c50a862	
TLMF	f9912a00-84a9-11d9-8952-b8a03c50a862	
EFI.INT	634deee3-2c0b-4698-b634-23096802abe6	
BRC Forage and turf	
ICEL	12308e00-4b80-11da-8809-b8a03c50a862	
VAL	306334d7-dba4-4ac0-9b18-be2cb49bff35	
G	43a26bbf-466a-4335-96cc-01d0656c614a	
Universidade Federal do Cear?	
Memorial University of Newfoundland	11fafc78-3da8-4ac8-8f8e-fc5af5de3d8e	
UFRR	f5fd374b-89cb-4ab6-b3eb-794c65f232c3	
Corantioquia	15b278a8-1356-4f7b-ba32-3c733c3d0aac	
GMBA	dc3f994e-bd32-4714-8d88-6fb895fb48cc	
DAO	09871350-0a23-11d8-b854-b8a03c50a862	
CANB	c4254a00-cb2b-11d8-bf68-b8a03c50a862	
ZV-VWG	baa855b0-a010-4240-9adf-98c810a6ccf5	
Jardin Botanique de Montr?al	38c97c54-2ff1-42f1-aeff-0d40c8d16cdb	
MIREN_ETH	76388ab6-61ca-439a-ab09-e1fe73eb224a	
MHNG	23539a57-1347-4dd3-af2a-cf9478563baa	
JBGP	698acf43-05cd-4b45-8107-7c666d87f77c	
Centre National des Semences Foresti?res	9898d7f3-bd89-4bc8-87e7-77b60d9f9f18	
	2e7df380-8356-4533-bcb3-5459e23c794e	
IB-Komi-SC-UB-RAS	cb55694d-f3b8-451c-999e-d9286d7dfc86	
Faculdade S?o Lucas (FSL)	a684d545-47fd-44fc-b557-6971a864c055	
Danish Society for Nature Conservation (DSNC)	346d6a19-724a-433f-bd87-be9e4dde7127	
W	4e11d750-bafb-11d9-8e53-b8a03c50a862	
WII	4a19e429-8f13-478e-86d7-93adb7534524	
LABEF/UAC	633602e8-4c6f-4619-b433-c4968da3ed08	
threatenedCAT	ecb9d4a0-9e99-4ce7-b571-925a963a4d32	
Pangaea	d5778510-eb28-11da-8629-b8a03c50a862	
IDBD-GN	487a39c4-f5c0-4dbe-8e11-54b743d6f735	
UvA-IBED	1f55bd0a-6ebe-49a1-8a9c-9258702b6f46	
CRSN_LWIRO	45a451cf-a94a-4df0-9511-1dca805a97db	
Brock University (BU)	b35e2d16-5a39-486f-82ee-61662e45c665	
HNC	24266ce0-38be-11d9-8439-b8a03c50a862	
EFG	01ea5fd7-42b3-42a0-aa34-2fe0a50167ef	
UB-GEOVEG	4baf4e1d-f960-49d1-b09a-8012bd38eb20	
Fundaci?n ALMA	05827c69-a802-472f-bbe3-76629dfd57a7	
SEAK	d54819fb-3423-49b9-bac4-5ac1624f9070	
UDESC	d6541129-2940-44c0-baa1-ed6be2066df0	
Ce3C	065f437a-3604-4e48-9ff2-132ed6a0a5a2	
BRFC	fdb42521-dcf1-4d90-9db8-dc4309f00dcf	
	13dba6c4-e112-473d-a827-850256bf53c6	
Isle of Wight Local Records Centre	f63e7835-6213-4c4c-9f0d-4c4dca080aed	
NatureSpot	1c6f1c68-6ba9-4e36-97c7-8a58315d8698	
Plantlife International	c6e13440-2545-4ab7-9e7e-c347e8cd7cf2	
Porcupine Marine Natural History Society	f0a23325-1a1d-4b4c-a192-63765963d0a4	
Royal Horticultural Society	f6213f74-d638-4907-a96d-26ca3b5da0c7	
BRI	96835ce2-d3af-4f6e-af81-faa0c7576fa4	
	17726825-3aa2-4fbc-b0e3-303d3fc5702f	
ANBG	877e75e9-6ffa-4cd1-97ea-ffe69584c29d	
BDRS	2fe913e8-b84b-4c5b-96ab-0c972a9bb45c	
NSW	0cbfea81-f7f6-43a7-a5bc-9b38898b505d	
AM	770c30d2-c2a8-4bb2-8056-6167297cddae	
BDRS	17ad580a-c749-49dd-9ddd-d953b27b4891	
BGA	c0293f92-43de-46ca-a12c-15a5788375e8	
	215fad6d-884d-4127-9635-fad209824cdf	
BDRS	f9110d88-120d-44cd-a7b8-6b37f40f13a4	
	648d68cf-748e-4f56-a411-7e95a75e4cd2	
BDRS	64bd66c1-e7d3-48d0-9462-488729aed122	
University of British Columbia	b542788f-0dc2-4a2b-b652-fceced449591	
Cenargen	7ef169f9-81f8-46a2-a7f7-240df6a1889c	
UIB-Bio	f92082e0-fb4f-4881-b3af-b3048610909a	
OBC	c3da1f49-b2c8-4751-b72f-28855546ec4c	
Fundaci?n GAIA	cd9bc4b5-4375-4991-aec5-0b4443b5d7a6	
Universidade Federal de Mato Grosso (UFMT)	ea79c3f0-78b4-4614-9c17-b991662bd18d	
Escola Superior de Agricultura Luiz de Queiroz	
IEA	b4370195-ab86-42a1-822a-96809e3d0384	
Merseyside BioBank	1ed074ff-5644-461a-90db-5da4d7656f3f	
National Trust for Scotland	90e9563c-9e64-40ba-910b-66100232a212	
agoralogie	13e05353-53b2-47e6-ae01-7e45eedc84fc	
FNC	fe602f47-b553-4291-b6e5-197b9837e167	
IEPA	df39a7ee-3856-4a05-85bc-5962e8fb2427	
UFSCar	69e3ffff-c8fa-43a5-8d76-0c24261df2d7	
	8d30d714-63f5-4f6f-a1a4-d73d09aa60c4	
Gouvernement du Qu?bec	19d3786d-5f8c-4309-995f-646ed5934089	
Universidad de los Andes	77c64839-4c99-4a40-beb3-cd16afc23540	
Ministry of Justice	dd865fec-1156-4307-b380-9ffff4458118	
Derbyshire Biological Records Centre	13d62a55-69d1-4eb1-b838-1ed59e08e1d6	
Cumbria Biodiversity Data Centre	72af978e-3a16-4e74-82cd-cb1d95c510fb	
Floraine	38222b00-9911-11dd-9689-b8a03c50a862	
BPN	8face560-fd52-11db-ace1-b8a03c50a862	
JBQ	e144e6ee-503e-4bd9-9eff-f2fc77473642	
	1df2cfdc-3b09-4076-861d-f56389927d9b	
The Wildlife Information Centre	bae1413a-7b3f-47cb-a24d-f1d61ba50fa3	
The Conservation Volunteers Scotland	477a027a-0741-4ac4-b4b8-ad24c97324a2	
West Wales Biodiversity Information Centre	29753c63-7ff1-455b-92ee-120bcfe9bce3	
Yorkshire Wildlife Trust	2e04e68c-742f-4e15-931f-3cdeacd569ff	
UDENAR	58c7e325-82fc-446d-9406-851b4d357db7	
Universidad del Valle	85be57ed-f187-49c9-b7ff-eaa622e06217	
Museo de La Salle - Universidad de La Salle	478a9e81-e716-42dc-a68d-03487953a32e	
Instituto de Investigaci?n de Recursos Biol?gicos Alexander von Humboldt	111b5370-2936-4e4e-a772-7d681a7127c1	
Moscow University Herbarium (MW)	f5fc4e61-b7a0-414b-ab68-b41cb23e7fdc	
UDFJC	b8cd2cdb-ee95-409c-b1b8-e09bab4f9a70	
OBSNEV	4b4b2111-ee51-45f5-bf5e-f535f4a1c9dc	
Natural Resources Wales	07f617d0-c688-11d8-bf62-b8a03c50a862	
Yorkshire Naturalists' Union Marine and Coastal Section	f3d462e2-4113-49cd-974d-f7d59d169801	
Dorset Environmental Records Centre	d553959b-a4b3-4caf-896d-8ff6190cdd07	
East Ayrshire Leisure Countryside Ranger Service	7c986c7c-bc45-4c1d-b9fe-ef071e2ca597	
